pid,being_followed,content,reply
5984538,18,"怎么找到一个 喜欢 且相处舒服的女朋友 ？脱单 谈稳定的恋爱
这个题好难呀 我真的是快被自己蠢哭了 
ps dz博士理工课 圈子窄 没啥拓展圈子的方法
且平时科研日常忙碌 （再忙也得兼顾人生大事",61
5984901,14,用什么overleaf呀，难用的一批，强推国内的一个在线latex平台：https://www.texpage.com/，用过的都说好（斜眼笑,2
5984401,13,"出qj经济学原理课程资料，笔记、错题、自己整理的所有练习题、平时作业、名词解释15r打包出（总评100
#qj #经原 #选课 #元宵",2
5984600,12,在看了某些日本的影片之后，我开始好奇，是不是大多数男性对于性爱和性快感的理解，就是生理上征服和占有女性的过程？这些影片里，不少在情节设置上就把女性放在很被动的地位，性爱过程中更是全程放大女性的弱小和无助（比如夸张的叫声和表情，中途柔弱地要求男方停止，但这样的举动似乎只会进一步激发对方的兽欲）。日本的这些影片在国内这么受欢迎，是不是说明这里面体现了多数男性对于性爱的理解呢？,17
5984511,12,"最近学校健身房人满为患,开心的同时也发现了很多同学想健身又面临着:跟私教太贵,自己练又怕受伤等一系列问题.
dz对健身比较感兴趣,上学期一学期减重10kg的同时保持了肌肉量, 三大项300(自重70,是的我很菜,大佬勿喷),最近在备考ACSM.因此如果洞友们不嫌弃的话,打算在qdb健身房和洞友们随机组健身搭子, 一方面检验自己的学习成果,另一方面也是攒人品了(求转运).
p.s. 无偿
p.p.s 男女不限, 经验不限(求大佬带我),很欢迎小白
p.p.s 不加联系方式,我去的时候会在洞里说",8
5984934,11,"发现自己还是很想谈恋爱…
男infp真的太难喽，明明朋友都夸自己性格好温柔，但是自己太社恐了实在是，又很颜控，能不能来个女孩子和我谈纯爱😭",23
5984848,11,fwb恋爱了，最后决定删除好友不影响他的生活。但的确有点可惜,7
5984788,11,想带npy来贵校逛逛，顺便听听课，大家有什么好的旁听推荐嘛，周二周五的，我俩都是理科生，不过如果是没什么先修要求的有意思的文科课也不错呀~谢谢啦~,25
5984772,10,真的太太太赞同了,9
5984729,10,有想唱k的吗，好久没唱音道痒了,10
5984608,10,有不看片、就干撸的兄弟吗？,14
5984535,10,sms 求问统计系直博比较看重笔试绩点吗？笔试主要是考什么呢,2
5984300,10,"5984149
能通过竞赛进入贵校的，大部分都开始的比较早，那就更容易通过“我该科(竞赛)成绩/学的好”获得成就感，而不是真正打心底里面认识到自己的学科多么好而爱上它
贵校疯人院有理想主义的有几个？",40
5984821,9,soul上遇到清华附小的学生约我出去玩会有风险吗？,8
5984759,9,正在蹲坑，隔壁坑一直大叫，忽而打自己的屁股，然后仿佛在哭泣，我好害怕,4
5984412,9,C君决定今晚🦌不🦌,19
5984935,8,崩溃 好后悔没去上交而是来了医学部,16
5984768,8,"#5984363
低年级不懂就问，原来现在就业行情已经这么差了吗（没有说总行不好的意思，只是之前可能觉得gsm去银总肯定没什么问题）。那gsm今年去头部券商的多吗？外资呢？中午吃饭听fy同学说有法硕学长去了头部券商前台岗的
投行 中金 华泰 中信 金融硕",9
5984425,8,"求助
本人理科生，希望在学习之余看一些文学性或历史性的书(不是专业的是业余的)，有什么可以推荐的吗
祝愿认真回答的uu们运气爆棚",10
5984948,7,我真服了，活该自己没对象，死要面子，每次看到心动异性都不敢直视，死装高冷，更别说要微信了、、、金牛座真的谈得了恋爱吗….,10
5984845,7,carol决定我几点睡！,9
5984832,7,过节 npy出去玩，没带我,7
5984681,7,有无给给/女生/直男今晚元宵夜大闹des的？,14
5984624,7,"#ktv
中关村酷秀房间111中包3h，now，极限摇人，可以直接来！！",5
5984582,7,和女朋友异地一年，天天跟男的一起玩，感觉要变成gay了,5
5984563,7,死了字了死了死了死了情商地板,9
5984541,7,想给妈妈买部千元手机   选华为畅享系列还是红米系列呢,11
5984512,7,求问普物的自学教程，已经不指望院系的普物课了,2
5984355,7,求助洞友，第五题后面那个问题,12
5984337,7,"5983806
好像这个车已经满了诶，还有没有像dz一样临时起意想出去玩的友友呢？去看灯会吃吃喝喝逛逛啥的，在线蹲",20
5984940,6,25岁还能谈恋爱吗，唉，真的难受,6
5984882,6,xk是最成功、最贴合时代发展的学院，其他的都在拖后腿,13
5984857,6,"感觉大家都出去玩了，只有我还在学校
约crush约不出来，估计他也在和别人玩

🤡女",9
5984855,6,为什么即使放开之后入境游客数量还是锐减啊？感觉现在不管是移动支付、打车、点餐、叫外卖，大多都需要绑定微信、支付宝或者境内手机号是一部分原因。,14
5984846,6,只有真男人才可以雌堕，雌堕是男子汉属性拉满的行为,2
5984841,6,没关系的吧，元宵也不是什么很重要的节日，自己一个人过也没什么大不了的吧，室友都不在，想必他们一定是去自习了吧，也没有什么人去过这个节的嘛，外面热闹地方人那么多那么挤，没什么好看的，不去也没什么大不了的吧，不就是元宵节嘛，就这样随便过过也没什么大不了的吧😭,9
5984795,6,有组局ktv的吗，想唱歌了，但是就一个人………,4
5984790,6,求问一下 现在测出新冠阳性可以申请隔离吗🥺不清楚学校有没有这个条件？谢谢大家,13
5984752,6,"D1开洞记录日常～
早上起得比较晚，开始学习已经是下午了
数分为什么这么难呜呜一道题卡了人一个多小时还不会做（遂不做数分）
学普物～但是速度还是很慢
dz从中学来学物理就比较慢
然后来看元宵晚会啦(其实是来吃茶歇了)
希望明天能高效一些",7
5984710,6,"捞经双佳洞
5962098",0
5984658,6,你会给前任发生日祝福吗,7
5984652,6,3学分，三小时连上的课滚出地球,6
5984625,6,科研摧残心智啊，我发现了。。。除了日常，就是看文章搞东西，长久以往，人都不正常了,5
5984574,6,贵校哪些专业应该被大雪深埋？,9
5984523,6,和男朋友感情稳定，但过年回家时见到了初恋，现在想加他好友聊天，则何如,34
5984491,6,不懂就问 戴t了还会有传播x病的风险吗...,21
5984486,6,呜呜人大清华都有元宵，北大只有汤圆，读北大让我抬不起头来,8
5984382,6,真讽刺 每个和我税的男人心里都装着另一个女孩,15
5984367,6,为什么同学们都叫我皇帝？,15
5984347,6,吓鼠，化了妆穿了光腿神器出门，被要微信了,14
5984289,6,有没有人要穆良柱/穆法师/mlz热学，dz准备退，想要的私我，vx17826985800,16
5984266,6,i 人只有自己一个人过元宵，好想家……,9
5984263,6,"#5980546
Ohhhhh！蹲了整整四天，每天都无法专心吃饭睡觉，刚刚终于以迅雷般的手速补上了😭从早上七点就开始刷新，看到补选成功的字样真的想哭😢
（确实任何一门课或许都不值得投入这么多时间来补选，dz还是因为前期巨大的沉默成本被套死了）

另外攒一波人品！一会儿退国社上lk 和 周一地社， 需要的朋友可以蹲嘿嘿！！www",13
5984980,5,这是什么？人在des,4
5984977,5,突然社交欲高涨想找人聊天..救命,4
5984958,5,感觉现在就我一个人没有和其他人去过元宵节,7
5984956,5,大三了还是处于几乎没有社交的原子人状态，想改变现状但又觉得有这个时间不如去图书馆自习😭是不是注定形单影只一辈子了,7
5984922,5,洞友们元宵快乐！,6
5984908,5,中东地区的国家关系 求拉群，感谢好心人🥹,4
5984854,5,"焦虑惊恐会发烧吗？
感觉肠胃不舒服xhs看诊严重恐癌，约了胃肠镜。平时容易觉得浑身热热的，但是没有任何不适或者肌肉酸疼的症状。昨天觉得脸太烫一测37.6，今天下午说复检一下一测37.4，一直不降刚测37.6。那我以前是不是一直在发热啊，会不会是癌热啊😱",18
5984844,5,有没有人想出去玩啊 citywalk,3
5984839,5,大家元宵节快乐,4
5984828,5,"好奇一下，现在如果自己的室友阳了，是否还会介意？（好奇鼠鼠想听听大家的观点www
5984790",5
5984820,5,本学年第一个3.7😢😢😢😢😢,8
5984814,5,山东磕大头中年男和福建赵世子梦女，哪一方更加劳保？,4
5984785,5,我也想要黏人小狗☹️,13
5984771,5,发现高中同学里，清北的大部分都留京了，复交的大部分都留沪了，看来学校所在的城市对未来的选择还是蛮大的,7
5984767,5,表白 sms 23级 why，好喜欢～,6
5984736,5,如果一个人能在不接触任何心理学的情况下模糊地推出阿德勒、霍妮的基本理论假设和分析框架，他(她）是不是精神分析的天才？,5
5984703,5,有女生一起蹦迪吗 dz女 不太敢一个人去 去哪美女姐姐决定☺️,11
5984695,5,海淀有没有热闹点的地方可以赏灯的（类似什刹海、前门那种,5
5984655,5,作为侄女被不少女生喜欢过但从来没被男生喜欢过，裂开了要,11
5984619,5,经原qj发生什么了 dz有事没去上课,6
5984604,5,"求问万洞，随机过程引论对数学要求如何呢

信科 xk 体系 操统 wlw 数据库",5
5984590,5,姚期智班和姚兴腾班的学生哪个更可能在TCS领域取得开创性成就？,3
5984588,5,骑车回寝室的时候差点哭出来了,36
5984577,5,日本经济换核科学有没有,5
5984558,5,今天忘记吃汤圆了现在哪里还有,5
5984520,5,如何用一句话快速证明你是北大人？,10
5984493,5,,3
5984473,5,在忘带校园卡的情况下，如何最快向其他北大人证明我是北大的？给他看我正在刷树洞？,16
5984466,5,,5
5984458,5,"学一的蒸蛋
怎么样
好吃嘛
油不油哇😃",4
5984428,5,清华食堂卖元宵诶，是元宵不是汤圆,6
5984413,5,刷到一个贵校美女博主在xhs被喷了…（虽然也不算是喷她本人,2
5984375,5,急问，哪个食堂能快速吃到热乎汤圆,10
5984349,5,"5981509
补充一下是线上，时薪两三千，再捞一捞
#家教#竞赛",7
5984329,5,哪个食堂有汤圆恰,9
5984279,5,"看到坊，想吃。
香甜的，酥酥软软的。
可是晚上吃会长胖，离宿舍还很远，回去了就冷了。
所以不能买。
就像分手以后一个人闲逛，看到身边两个人相伴走过。
没有，没有身边的人。",33
5984992,4,"#5564737捞捞
dz萌新，通关过一次原版最低难度，现在在玩灾厄，希望有人一起玩，怎么玩都听你的🥺🥺",2
5984990,4,"真的存在一开始就不准备长久的恋爱吗
我印象中恋爱都是一开始山盟海誓，后来才变了心的
一开始就不打算长久的话，心态是什么样的呢",3
5984972,4,"想问问今晚去了zx 财会的同学们，“财会要改革”的消息属实吗 老师有说考核方式有变化吗
dz 刚刚抢到zx老师的财会 所以今晚没有去上课

tag：财会 财务会计 zx and 国发",2
5984971,4,好想tiaoxi男人尤其是害羞小🐶啊啊啊啊啊,5
5984952,4,"真的好难过，明明知道qny是不爱自己的，但还是很难过
想知道为什么不爱我还和我在一起，可是我明明是知道答案的",6
5984944,4,给给 无聊 呜呜,6
5984923,4,21花园 化院hyw，退学了？,2
5984907,4,我讨厌一个人待着，但是真让我和另一个人待着我又觉得孤独,26
5984904,4,"日本片描写一个贫穷的少年从卖纳豆、卖晚报，到擦皮鞋，进工厂，当上模范职工，受到提拔，最后成为一个大财主的故事。——虽然字幕上没有说明，但解说员却补上一句：""诚然，勤劳乃成功之母也！""
这话引起了杂工们一阵""热烈的""掌声。但不知在渔工还是船员中间，有人大声嚷道：""胡扯蛋！照这么说，我也该当上公司经理了。""这话引得大家哄堂大笑。后来，解说员对他们说：""这是公司命令要在这种地方反复着力解说的。""",4
5984896,4,求问（2）思路 #概率论,6
5984889,4,"元宵限定摆摊卖花，
无论你是想在节日送自己一束漂亮的鲜花，还是想给重要的人一个惊喜，
欢迎来极客实验室元宵灯会买花，
九点二十至九点四十支持送货上门。",5
5984885,4,这个季节涂唇膏的男的会是直男吗？,7
5984870,4,白带发黄偏绿是宫颈炎吗🥲，之前没怎么注意，现在发现是标准的异常黄绿色，没有臭味但酸奶味明显，要查个白带+tct吗🥲,3
5984862,4,"家境一般的家庭，毕业孩子没外出工作，在家花家里钱，可以说啃老
家里特别有钱的区域性富豪家庭，孩子毕业用父母钱找商机….是帮父母花，她们花不完的钱，不是啃老，是分担….有孝心",5
5984780,4,"zdd 计量经济学 数学不太好的文科生可以选吗
nsd 经双",4
5984727,4,啊啊啊啊啊,3
5984714,4,北京普通高中和地级市一中 哪个上清北容易呢,14
5984706,4,overleaf已部分恢复。主页仍然是挂的，我从浏览记录里找到了具体project的url.,1
5984704,4,在ppt上打字做笔记 有什么推荐的软件嘛,8
5984697,4,坐在二教102要冻麻了，为啥这个教室这么冷,6
5984684,4,"emmmm……
我很少用人满为患形容一个地方",4
5984672,4,有同学一起去北京坊吗，想去看看花灯什么的,16
5984636,4,"5897780
5899874
5899879
5931896
5941664
青研你好，请问【5923373】去哪里了？",7
5984626,4,北京坊，我来了！,2
5984613,4,求推荐现在赏花灯的好去处，最好不要太远,1
5984606,4,受不了了，做个操统lab把电脑弄坏了，我是什么史诗级dinner，给自己气乐了,8
5984595,4,想蹦迪,5
5984593,4,中微wm老师讲课好像有点紧张hh，其实老师内容讲得还不错，但是老是下意识说“对吧”,13
5984570,4,如果再有一次选专业的机会，大伙会选什么专业呢🤔,8
5984566,4,我像阴沟里的老鼠,4
5984562,4,请问每周阅读+写感想、两次小测、三次pre、期末考试  任务量大吗,2
5984550,4,汤圆就是元宵,5
5984544,4,nvpy用我的手机号能在blued上查到账号吗？,3
5984534,4,蹲今晚ktv,6
5984513,4,贵校有没有能让dz鼠鼠看看天文望远镜，想尝试一下qwq,3
5984509,4,求问万🕳️，医学部哪里还可以吃到汤圆,4
5984506,4,话说港新授课型（1—2年）的硕士国内认可度如何？dz理工科3.3，保研没好接收想出国，中介推荐了这个，但是感觉有点不靠谱。,1
5984484,4,本系培养方案里面某个部分，比如这个部分要求修6学分，但是我修了7学分，多出来这1学分可以算在培养方案最后面的自主选修课里面吗,5
5984469,4,医学部体育馆门口元宵节活动 盖章换挂件奖品那个摊位的短发小姐姐好漂亮，想问问她有没有npy,6
5984443,4,为什么国防七子的学生都那么清澈愚蠢自信,7
5984436,4,求问学长学姐们，fy xdf债法是期中期末考试是开卷吗,5
5984400,4,不想做冷场王子了！请各位uu分享，和新认识的朋友聊天的时候，通常会聊什么话题？,4
5984388,4,戒色中，感觉自己忍不住要打一发怎么办，怎样让自己不再想到那些东西,9
5984386,4,晚上蹦迪找个搭子一起,5
5984377,4,有人想去盒马吗,4
5984372,4,"学一的卤味取消了吧，今天随便要了一点儿，让每样五块的，最后刷了四十，也没多少，可能确实很贵，少了没法称
来自一位常年和老爹在家自己卤肉的少年的测评
猪耳朵:⭐猪耳朵卤的时候应该先炖熟再卤二十五到四十分钟，但学校的很明显是跟着其他卤味一锅下的，吃起来和白水煮猪耳朵没区别，没有味道，刀功如史，这么大一块儿我不如抱着猪啃
羊头肉:羊头肉你得放大料啊！！！！惹不得放料，就寄希望于最后的扮料，而且肉很碎，都是一些比较恶心的部位，口感像砂子，羊腥味很重而鲜味没有，半凉不凉的，0颗⭐
牛肚:0⭐史，煮得过烂，而且不入味，目测是家威9块一斤的冻货直接下水煮的，我家用来喂狗都不吃的东西，卤的时间短了，卤水很糟糕。吃吐🤮了
猪肝:⭐⭐，猪肝很难做得难吃，这个猪肝就是简单的煮熟了加料，苦味涩味都有，不好吃，能吃
鸡爪:⭐，一看就是和猪耳朵一锅下的，只有表皮有味道
鸡翅:0⭐，小拇指大小，全是毛
大虾:⭐，个头大，用的冻的海白虾，但块七八块一只，还是凉的，肉也糟了，玩儿我呢
五十多块，想丢掉",8
5984363,4,"礼貌求问，24届金融硕（包括会计硕）去总行的多吗，总行能算这些项目的就业平均水平吗


tag gsm jy 金融硕 mfin pevc ib 汇丰 mpacc 总行",4
5984342,4,想找fwb了怎么办，nvpy不在身边,7
5984272,4,俞妹妹🥺,4
5984268,4,嫁给有心眼子的人比嫁给看似实在的人要好得多,2
5984259,4,5983801 s完不能立马尿尿？？为什么我有时候s完都巨想尿尿啊,7
5984258,4,就宿舍条件而言，校本部，万柳，中关新园，畅春畅新，昌平校区和深圳校区，哪个是最好的？,3
5984246,4,"最近流感盛行，突然想着一个很好的异性朋友得病了，我就能去照顾她。
感觉这想法好病态，我竟然希望通过这种方式加深我们的关系（别骂了，人总有点黑暗的想法",5
5984241,4,"兄弟姐妹们有没有游戏手柄推荐呀
声音大小无所谓，dz在外面租房不用担心吵到室友这种问题
预算500元以内吧",4
5984238,4,希望树洞能增加投票功能,3
5984978,3,医学生猜猜我的症状,4
5984975,3,压力太大了，适合tla吗….,3
5984974,3,元宵节一个人在宿舍实在无聊已经冲四次了😭,4
5984962,3,"springer的书一本那么贵，那么绝大多数的钱是给了作者还是出版社呢
如果说是出版社，按道德来说，他们应该得到这些钱吗",4
5984960,3,想问问大家教育学院保研会不会对科研经历很看重呀,1
5984941,3,南门对面便利蜂旁边理发店男生烫头大概多少钱呀啊啊啊啊啊啊,3
5984925,3,"每逢佳节必emo
没朋友没生活",2
5984918,3,天坑专业的最后都怎么办了,7
5984917,3,#5665955 ancient poems day102,2
5984903,3,有一种很奇怪的感觉，我每天只要不跟人说话或者自言自语的时候是一种状态，这种状态是很冷静，身体也更挺拔更舒适，专注完全是自然的事情。但是只要一跟人说话，或者自言自语，就会到另一种状态，比较多愁善感，情绪波动，容易分心。,2
5984900,3,洞友们，有什么适合元宵晚上自己看的视频/节目？,2
5984899,3,想问下大家学校周边有什么能看灯的地方吗,6
5984897,3,#5924066,0
5984878,3,想预约心理疏导请问在哪里了 精神状态不太好了，可能需要找人聊聊开解开解了,3
5984877,3,这样手动刷课真得能凭运气抢到吗,2
5984875,3,"求问复变fhl班的内容对应stein的哪几章呢 会讲完stein吗🥹
#sms fhl lzq",2
5984874,3,大家的家庭关系都是怎么样的呀？～dz有些觉得自己的家庭建立的是一种有毒有害的关系——充斥着语言暴力（贬低批评情绪化发言，各种污言秽语和人格侮辱）……而且这是沟通的基本常态，从小爸妈还会说别人家的正能量只是一种好听话根本不是真心话，所以我回避了很久。然后有一天我突然意识到原来其他人的家庭不是这样的…那一刻，好像自己过去一直生活在另一个世界。,16
5984871,3,辅导初三所有文科，通勤往返1.5h，每次2h/500r，一周三次。犹豫接不接ing🥺,18
5984867,3,不知道怎么回事最近半年总是莫名其妙情绪很down 明明没有什么事但是会莫名哭起来 伴随时不时的极端情绪  且经常头疼的难受  是因为压力太大了吗  还是得什么精神方面的疾病了  这种情况要不要去医院查一查,4
5984852,3,二教525自习的某个同学你好，你该洗澡了,3
5984838,3,凯恩斯听我说，今天我来说说你，这个资本主义是你制作滴，请你把资本主义关闭~,3
5984836,3,"求问校医院的肺炎支原体和手指血要多久才能出来呢？
医师说出来了才去取的，但是几个机子都出不来www",2
5984806,3,23级信管lzy小哥哥好帅🥹🥹,3
5984805,3,猜灯谜洞,4
5984784,3,人文社科专业研究生怎么出国啊？小白不懂，感觉都是理工科出国。,6
5984779,3,请问今晚校内有什么元宵活动吗？,3
5984778,3,聊个天给我cpugpu全都烧了,3
5984776,3,"#5978647
请问这学期现当代文学会有期末考试吗，看去年没有，之前曾经有过",3
5984761,3,南门外卖有一份太太好粥的外卖被dz拿错了😭😭已经放回去了！只打开了外卖的袋子，里面的东西都没有动过。没有外卖单，不知道是哪位同学😢,9
5984754,3,"有申请了和芝加哥大学合作的REU暑校的数院同学嘛 想问问有没有人收到回复😭谢谢！
#sms #暑校 #数院
#REU #芝加哥大学",0
5984753,3,志愿北京没有志愿者编号怎么办😭,4
5984748,3,为啥羽衣甘蓝这么难吃，像在吃盆栽,2
5984745,3,头上飞过去的是啥,2
5984725,3,经原为啥讲的都是一些常识性的知识呀，没太理解有何意义。难道没有一些反直觉的有意思一点的理论吗？,7
5984712,3,丘砖高代指导书下，买了盗版书，白送有人要吗,9
5984709,3,求问wy zjxxgg有没有npy？球球了这对我真的很重要🙏,9
5984699,3,寒假刚刚去各个地方看过灯会的人表示 北京今年的灯会真是很土。。。什刹海那个龙头近距离看很丑很粗糙 不懂为什么这么火,3
5984690,3,"#炒币 #炒股

看着自己下午本金翻到六倍，然后一秒爆仓一夜回到解放前。不过爆仓后本金还有盈利，没被全部平仓。dz今天十倍做多sushi

炒币虽暴利，不如炒股票😭。dz目前股票稳定盈利",17
5984683,3,"#地概
有没有uu这个学期选了地概的呀，dz上学期的书忘记还回去了，我可以直接把书给你（因为下周地概上课的时间我不在学校），谢谢！",2
5984647,3,求王亦洲老师的基于深度学习的内容生成原理与方法的上课地点,4
5984643,3,5984629,1
5984641,3,"发生了什么
#qj 经原 经双 nsd",8
5984638,3,现在在石景山！感觉还是有些灯的，但是没有非常盛大……不太值票的感觉,3
5984635,3,求问北京的物理高考同学，你们高三现在这个时候都在刷什么题呀？有推荐的套题或者教辅吗？要给高三小朋友做家教orz,2
5984632,3,【勤工俭学】求问贵校勤工俭学岗位到底在哪能看呀，学工部业务里都是空白？看树洞说好像有群，求一个好心人分享呜呜,2
5984620,3,阿梅丽卡是我这辈子的梦😭,2
5984617,3,手误退掉了蹲了好久抢到的课。。。。。,3
5984611,3,"5984563
好玩",2
5984599,3,蛾儿雪柳黄金缕，笑语盈盈暗香去,3
5984581,3,求问大家，咳嗽严重有什么缓解办法吗😭，比如喝点梨汤之类的，,4
5984571,3,有没有喜欢看舞剧的朋友呀～每次去看舞剧都自己一个人，想捞捞小伙伴一起～,5
5984567,3,"#5957522
#减脂塑形记录洞 第六天
早餐：鸡蛋+玉米+鲜豆浆
午餐：去皮鸡腿+素炒包菜+小块红薯
晚餐：清汤麻辣烫（鹌鹑蛋+豆制品+鸡胸肉+蔬菜）+芝麻馅汤圆*3
运动：B君决定dz今晚要不要做有氧！",12
5984561,3,想问下有没有洞友在什刹海或者石景山灯会，怎么样值得去嘛！,6
5984559,3,"觉得自己好会演戏啊，
本来也不喜欢前任，但是演到感动了自己……………太牛了",3
5984555,3,"#问卷研究   家庭教育问卷调查，5元报酬
【研究目的】考察母亲的家庭教育与个体成长的关系。
【被试要求】
1.  18~28岁的在读本科生或研究生；
2. 认真阅读问卷中的指导语和每个条目！认真填写！！信息真实有效！！
3. 每人只限填写一次，请勿重复填写！

【报酬与时长】
预计用时 15分钟，报酬为5元。审核为有效的问卷，才能获得报酬，我们将在48小时之内完成审核并发放报酬。
【填写方式】
点击下方链接填写问卷
https://www.wjx.cn/vm/OVIqcVl.aspx#",1
5984549,3,wm 中微有课程群吗？旁听求拉,2
5984543,3,"5889087
捞捞popi！
一个人过元宵节🥺",9
5984532,3,"（一个小小的问题，看书时突然想到）
名字真的会影响陌生人对自己的态度吗？",8
5984531,3,前一秒感觉自己宇宙最牛逼，后一秒感觉俺全宇宙最垃圾，然后持续emo。。,4
5984524,3,"北大毕业论文的latex模板为什么在vscode上编译不出参考文献来呢？哪位大佬解释一下
vscode完全按照这篇知乎配的https://zhuanlan.zhihu.com/p/166523064
报错是reference undefined，编译出来引用的地方就是下面图片这样",4
5984521,3,在图书馆还刷树洞，赶紧去学习！,2
5984518,3,晚上也没有吃，出了寝室出了校园，在街上游走了几十分钟。只是不想在寝室里当个窝囊废罢了。 现在看到一个地铁站就下去了，又不知道要去哪。。。,9
5984516,3,天天接到辅导班电话，烦都烦死了，专门跑出去接结果是推销辅导班电话。终于忍不住了，今天接到直接说“再给我打电话，我就举报你！” 对面赶紧挂了,3
5984515,3,哪个食堂卖元宵/汤圆呀,3
5984505,3,求问今晚哪里有花灯呀,0
5984502,3,哪个食堂有汤圆好吃吗 有没有芝麻馅的,7
5984485,3,博雅塔亮了吗,2
5984479,3,,2
5984468,3,"和crush会有一门一起上的课
会坐在一起，但是洞主之前比较内向，不知道该聊些什么
求洞友给些建议（）",8
5984459,3,燕园校区经管学部，本科高年级，男，不想谈恋爱，找个圈子外的情感搭子，不介入彼此生活，就吃吃饭散散步。要求女生，善意，好相处就行。,7
5984457,3,看上去挺瘦的女生 53kg 大概多高呢,6
5984454,3,表白23 sky cqy，很厉害很有个性的xjj！,3
5984437,3,"双学位辅修报名短信通知了吗？
转专业 辅双 学生会 校会 讲座",3
5984426,3,抽象小故事：本人在北京地铁上，当时我旁边有个空座，我可能当时占了那个位置的一点放书包，刚才上来了一对（估计是）夫妻，男的说让我往旁边给让让，这本来正常，但他就开始拽我，我一看人家两个人我也没几站了，就站起来给人家让座，结果那个男的又拽着我说让我坐…拽着就是指肢体接触用胳膊拦着那种，我有点慌，就到了远几步的位置，然后又听那两个人说给我吓跑了😂😂不是这真的是正常的吗，i人那一刻真的很恐慌啊,7
5984406,3,"感觉自己好胆小，不敢在人多时聊天。
看到微信的消息，就胆战心惊
有人要我分享经验，直接秒拒
好失败呀",1
5984392,3,想买一个备用手机，预算2k以内，不要华为，目前用的苹果，有什么推荐的吗,4
5984384,3,捞人一起吃晚饭,3
5984383,3,图书馆门口的石狮子呢？刚发现不见了,2
5984379,3,"呼吸道感染 校医院急诊只开了双黄连和白加黑这种感冒药，丁香医生图文咨询了一个三甲呼吸科的医生，开的是莫西沙星
应该相信哪个www",4
5984370,3,用校园网登知网看论文免费吗,3
5984365,3,想吃川菜，南门老蜀人怎么样？,3
5984357,3,去基督教堂需要注意什么？有去过的uu吗？或者有无想去的可以一起约着去吗？dz想去但一个人不太敢去,12
5984338,3,医学部蜜雪为啥线下点单表上有新鲜冰淇淋（but线上点单太多了，基本没法线下和店员说），但是线上没有新鲜冰淇淋，同时线下看到了装冰激凌的蛋筒😭😭,3
5984325,3,随缘出一个aoc显示器，23.8寸2k，原价1100购入，现388出，有内置电源和双hdmi口、dp口、音频口，平时都有擦拭保养，无外伤暗病，型号为q2490pxq，燕园校内可以送货上门，如果有朋友想要的话dz就留号啦,8
5984312,3,为什么到五点半这个点，图书馆好多人都走了,2
5984286,3,今天6点学生服务总队的元宵晚会有人去吗，dz有事去不了,10
5984275,3,所以学一的标价是假的……?,5
5984265,3,化完妆被自己美到,7
5984261,3,突然有点想哭，以为上了大学是可以在家里过元宵节的，但是现在又是一个人，还不如在高中呢,2
5984255,3,"想问学长关于xx主题有没有综述或者博士论文推荐（主题可能跟他的研究方向相关），直接问好像有点太伸手党
但我谷歌学术查了好久找到的文章总感觉看不明白、有点混乱、不知道质量可不可以信赖、看着没啥收获，自己总容易找低质量文献浪费很多时间
要怎么去问才不那么伸手党呢",1
5984988,2,"终于发现自己为啥感觉英文教材为啥难读了
看中文教材时可以做到扫一眼就知道下面这段重不重要，看英文时还是得把整个句子大致过一遍，导致看英文教材时注意力几乎一直是集中的，蛮累的",2
5984987,2,麻烦问一下，sky挑战班是不是要求有科研经历呀？然后对于成绩方面大概要求是前百分之多少呀？虽然dz很菜但还是想下学期秋季进挑战班…非常感谢！谢谢！,1
5984983,2,还是日本姑娘好看,4
5984979,2,,1
5984970,2,存款终于两万啦！都是我自己挣的呢,2
5984969,2,黄＊同学/老师，真的很抱歉！你的快递（编号1-3-7722）被我误拿了，拆开包装才发现。我给您放回去吧，包装破损但没有完全拆毁。如果有什么损失请找我赔偿，我的微信号是修勾投降（拼音小写）叁零幺捌贰（阿拉伯数字）。真的非常对不起😭,1
5984957,2,编译lab有用内存形式在写的吗，dz这里一直是报slice的kind和item不匹配的错de不出来555,2
5984950,2,求问，明晚还有哪里可以赏灯吗，有灯会的那种，热闹一点的,2
5984947,2,今天过节，你在哪里，在干嘛呢？除了知道你的结局和我一样是冰冷的坟墓，我将对你的人生再一无所知，这不能不说是不胜悲哀的,2
5984946,2,,1
5984938,2,hyf的国际象棋可以旁听吗,0
5984937,2,"sky毕设进度统计洞
好焦虑......
#sky #毕设",2
5984927,2,"中国的生态问题与生态建设 城环 lhy  还是 国际人权法 fy

#选课 #补退选",1
5984924,2,马院的就业怎么样，高校思政岗接近饱和了吗，现在的低年级本科生会不会读完博士没教职坑位了啊wwww,0
5984921,2,"出两张天鹅湖，周六的，二楼前排靠边，100r,可单出和小刀",2
5984919,2,在28楼门口一直听到尖锐的高频嗡嗡声，搞得dz还以为是自己耳鸣了😲这是什么呀,3
5984916,2,"5983501
警惕gsm就业唱衰论！
fy jy",1
5984912,2,问个，♂小冰素颜(在床上测的)最高8.2什么水平,1
5984909,2,"请问一个题
那个hint暂时不重要，关键是我感觉这个结论本身就是错的，或者是我没看懂题，总之想了好久了想不明白他什么意思
比如说E=R^2 E_1是x轴，U_1是x轴上的(0,1)，E_2是y轴，E_2'是y=x直线
那此时O∩O'得到的不应该是一个平行四边形吗，怎么会满足前面的形式",0
5984902,2,现在在哪还能吃到元宵啊。和麻麻聊天完想吃了,1
5984895,2,有没有人拼这个祛痘印药膏呀？据说还能有一丢丢平痘坑效果，想买来试试,1
5984894,2,byd 不用北大邮箱找实习了，都不回邮件，用163开通个邮件追踪吧，好歹看看打开lz邮件没有,1
5984891,2,"#5984750
捞一捞，欢迎新人（KP也是纯新手）",0
5984887,2,求问医学部健身房日常营业shi jian,5
5984884,2,"5981120
walless又能注册了，之前一直提示信头有问题，我刚刚试了Nature发的邮件的信头，就注册成功了",0
5984883,2,"祝大家元宵节快乐！
暂时没有找到马列主义经典作家与元宵或者灯谜相关的论著，那就整点常用的包饺子素材吧：
马克思《青年在选择职业时的考虑》，强烈推荐！
文字网页版：https://www.marxists.org/chinese/marx-engels/01/047.htm
确实是好文章，就是被引用得太滥了（这只是篇中学生作文诶！）
可参考他的同期作品#5927340 卡·马克思的中学考试宗教作文 和随后著作 #5926830 马克思《德谟克利特的自然哲学和伊壁鸠鲁的自然哲学的差别》

附部分内容节录：
“历史把那些为共同目标工作因而自己变得高尚的人称为最伟大的人物；经验赞美那些为大多数人带来幸福的人是最幸福的人；宗教本身也教诲我们，人人敬仰的典范，就曾为人类而牺牲自己——有谁敢否定这类教诲呢？”

“但是，能给人以尊严的只有这样的职业，在从事这种职业时我们不是作为奴隶般的工具，而是在自己的领域内独立地进行创造；这种职业不需要有不体面的行动(哪怕只是表面上不体面的行动)，甚至最优秀的人物也会怀着崇高的自豪感去从事它。”",2
5984872,2,5984635捞🥺,6
5984869,2,快开辆车把我撞死,3
5984865,2,想点一份汤圆，但是起送费不够，有没有uu想一起拼的～,9
5984863,2,有烟花吗？学校听见的,2
5984847,2,有朋友知道北京哪里有便宜的染发店铺嘛 dz想做一个挂耳染，需要漂三次，看了几家店都好贵（漂一次两三百） 求好心人推荐！,0
5984837,2,"北京ACG乐队招鼓手！
坐标海淀，风格是ACG，找鼓手～
组一个很喜欢的演出的乐队，技术要求不是很苛刻，但能好好练琴认真排练~

玩乐队最珍贵的是互相看得上（确信

请联系：yyanm1230",1
5984833,2,"求一本轻松读懂财务报表/财会教材！
qq:柒66⑤816柒6
tag zx 财务会计 国发",1
5984831,2,财会有没有人退课啊啊啊啊,5
5984830,2,求拉平台经济的群,1
5984827,2,有医学部的uu 告诉我一下五教在哪嘛,1
5984822,2,谁退我一个财会（抓狂,1
5984819,2,结束体育课之后发现自己真的没有动力去运动zzz,2
5984817,2,出狱！黄前部长万寿无疆！,2
5984816,2,请问医预的排名现在可以查了吗,0
5984811,2,很痛苦，很想质问qny，为什么不爱我。但还是忍住了，有些事没什么可讲的了,2
5984809,2,好奇发问：如何鉴别有偿预约入校的洞是否为黄牛？,0
5984807,2,我不想成为站在国际前沿研究水平的青年学者，我只想求踩及格线毕业，导师不要逼我了好不好，互相放过不好么,3
5984803,2,家三凭什么把西侧的门锁起来？,2
5984799,2,像这种，有没有 简便方法算呢？一组一组分情况列好麻烦,1
5984797,2,黑眼圈可以去校医院看皮肤科吗？,0
5984793,2,想问一下，中东地区的国际关系有微信群吗？能否拉我一下🙇🏻‍♀️,2
5984792,2,"朝阳初中男生，找初一初二语文家教（希望能对初中语文教学比较了解，对北京中考语文有显著帮助），每周末在朝阳区太阳公元一次（路程40min内，家长可解决交通问题）。家长是dz亲戚，友善尊重家教，时薪目前预期150～200（具体可联系后再谈，不会亏待学生，家长很有诚意）。
#家教#初中语文#兼职",4
5984786,2,过节好无聊，有没有xjj想聊天,0
5984783,2,"问问有没有人拿错太太好粥外卖😭如图是dz的外卖位置，我在送到后不到五分钟就去取了，但发现这个位置没有，而是在第三层看到一个太太好粥外卖，我比较了一下袋子和图中一样瘪，没敢拆就扒着边缘看了一眼，感觉像是汤圆，又在附近二三号都看了看发现没有其他这家的外卖，他家又没有外卖条，就拿走了，回去一看里面只有柿柿如意汤圆和一个卤蛋，而dz点的是黑芝麻汤圆和小笼包套餐，老板打电话说有一样没了（好像是黑芝麻汤圆）说换另一种了（那个换我听的很清楚），我当时在外面太冷了没听仔细随口应了…
如果确实是其他朋友误拿了dz的，看到的话麻烦说一声，不然没法安心吃饭QAQ如果是被偷了而dz误拿了其他同学的，麻烦说一声dz会赔偿……",3
5984781,2,有无喝酒局 #pub #bar #club,1
5984769,2,"有偿收 实测天体物理II（高能与射电） 和 射电天文学 课程资料与作业，每科40（可argue上调），谢谢！
tag 天文 天体物理 实测 射电",3
5984764,2,有没有这学期选了计概C的同学呀，dz写了一个安装python和vscode的教程文档，想看看只看这个文档的话能不能让一个没装过的小白装好&掌握一些概念，有的话欢迎留言（）,2
5984762,2,北理工居然也是用的和贵校一样的抛物线绩点算法😇,1
5984756,2,"萌新求问洞友：

已知A，B是两个投影变换（定义在线性空间v到v，未必是正交投影），且A的零化子空间是B的不变子空间，请问AB是否是一个投影变换？是请证明，不是请举反例。

谢谢～",0
5984747,2,贵校有多少40岁以上单身的老师,2
5984746,2,jy学术部网盘，选择邮箱验证，但是登录邮箱，输入密码之后又需要再次验证，而且是手机号，这怎么办,0
5984737,2,"出书 书的状态都比较新 联系方式见洞内~
形势与政策高级读本	3																								
思想道德与法律基础（思修）	3																								
中国近现代史纲要	3																								
高等数学（上）	8																								
曼昆经济学原理（微观+宏观）	一本8r，上下一起收15r																								
曼昆经济学原理学习指南	8																								
曼昆经原同步辅导与习题集	两本一起6r																								
计算机应用基础教程（计概c）	5																								
物理学的概念与文化素养（演示物理学）	送																								
民俗理论教程	10			

https://docs.qq.com/sheet/DTkNVdkNhaExFTHhR",1
5984735,2,转眼间研三了，朋友圈里开始隔三差五发领结婚证的照片了😂观察了一下大部分都在海淀民政局,0
5984728,2,今天晚上去destination感受一下。看看内向的我，是不是一晚上都无动于衷,11
5984722,2,如何离经叛道,1
5984718,2,overleaf在搞什么……,3
5984717,2,往年医学部 药理补考原题多不多呀。dz很惨的挂了 学了好几天发现啥也没印象 有点懵逼！,0
5984701,2,为什么！我没有1哥哥！,3
5984696,2,"债权法 xdf
有债权法讨论群嘛？求拉www
或者有人想平时一起讨论债权法相关也强烈欢迎👏
dz菜菜的 求别嫌弃",2
5984691,2,大家好，我来自北京工业大学,1
5984687,2,请问各位学长学姐，化院徐冰君和彭海琳这两位导师怎么样,1
5984685,2,"想买一个macbook
元宵买还是38节买最优惠呢",1
5984682,2,"物院wy强基生必须做本研吗
羟基 推免 年级大会",1
5984678,2,为什么小红书上充斥大量很强的人发的很弱智的帖子，我敢肯定他们写论文不敢写进去这么弱智的话。,6
5984676,2,虽然已经分手快三年了，但还是很害怕在学校里偶遇前任or被他看见但我没发觉，我越来越想跟现任男友黏在一起，尽可能多的时间呆在一块，因为害怕被ex看见被打招呼😭这正常吗,4
5984675,2,补选期间会扩名额吗,0
5984671,2,想出一个声卡，m-audio的 m-track solo。半年前不到400买的，270出。功能完好，底部和侧面有些许黑色划印。,4
5984668,2,"没吃着汤圆 呜呜呜
好像从小到大每次过节都很孤独",2
5984664,2,想象力,2
5984657,2,有人去北京坊吗？刚到珠市口,12
5984656,2,dz 想退 戏曲与中国传统文化，有 uu 想换课吗,4
5984653,2,自己买了往返交通所以没钱了，打电话问妈妈要钱的时候，妈妈说伯伯婶婶姑姑都在家里一起，今天元宵，问问有没有吃汤圆，我说刚刚要点，妈妈说我给你赞助啊。挂断电话，在实验室做了一天的我泪流不止了😎😎😎🤏🤏🤏😭😭😭,1
5984646,2,"世界是一个巨大的设定好的系统。在老家的时候，楼下的大爷每天早上7点起来开始放广播，超级大声。现在，回到了出租屋，楼上来了新住户，应该是年轻人，但现在开始放广播了🙃。

啊啊啊啊啊啊啊，在这个背景下写论文，脑瓜子嗡嗡的",1
5984637,2,😰刚刚看到地铁劝导员大爷穿着一双限量版AJ,2
5984630,2,"人面对未知的新事物，第一反应是警惕和寻求掩护
对于社会而言，一个激进的新变化、新思潮初现端倪，会让很多人对其可能的颠覆性破坏感到担忧，并倾向于保守立场
所以可不可以认为，在时代和社会的巨变之前，多多少少会出现保守倾向的大回潮？",0
5984627,2,财务会计真有这么高的难度吗，有没有学过的uu给点建议，害怕挂,4
5984623,2,线代a余欢欢老师的教学网作业是写在纸上直接拍照上传就好了么,1
5984618,2,特别提醒，燕南现在还有汤圆，不用排队，不知道还能开多久。祝大家元宵节快乐！！,3
5984612,2,Canon eos m50 mark2 or nikon z30？,1
5984609,2,请问有人知道教育学院刘云杉老师的联系方式吗，邮件或手机号。官网上没查到。谢谢！,1
5984601,2,现在校内还有哪里能吃到汤圆😭,3
5984598,2,重发一下，求问外国语学院苏微星老师的《现代欧洲小说中的自我、危机与救赎》的上课地点，感谢~,0
5984589,2,有同学会把zip格式，转成rar吗? dz苹果电脑。,4
5984587,2,现在哪里还能吃到汤圆啊,1
5984585,2,男人，什么罐头我说？,4
5984583,2,这个数据上王者算坑吗？,5
5984578,2,"出书
英美戏剧与电影（书上有课后题的笔记）25r
闪过四级词汇+真题（基本全新）30r
大学国文教材（全新）15r
思想道德与法治教材 10r
中国近代史纲要教材 10r",1
5984575,2,"求问国际人权法给分怎么样哇（已善用搜索呜呜）

#fy #通选 #测评",2
5984572,2,"刚才吃饭突然打了个喷嚏
虽然朝着地上
但是对着的方向上有个小姐姐在吃饭好像被吓到了
罪过",4
5984568,2,有偿收汉英翻译往年资料！想要整理的笔记这些作参考，价格可商议，谢谢！！#大英B#汉英翻译理论与实践#ysl#余苏凌,0
5984565,2,有没有人打泉州麻将,1
5984552,2,学校哪里有卖网球吗,1
5984548,2,"出键盘鼠标：
罗技k580无线键盘，全尺寸，可用蓝牙和2.4G无线，100元。
罗技pebble无线鼠标，可用蓝牙和2.4G无线，50元。
都是装电池的，需要请留号",3
5984547,2,"学一的汤圆排长队
燕南的汤圆老板还在拉客",2
5984545,2,"想去潘家园配眼镜应该预约哪家验光呀
搜了一下有好多家",0
5984529,2,"来点打发时间的小游戏, 谢谢大家",8
5984527,2,外卖架三号二层有喜茶的多肉葡萄，有缘人自取,4
5984526,2,打王者要被气死了,3
5984522,2,求问万洞，想走国合交换的话，现在是只能准备申请明年的项目了吗😭,1
5984510,2,"为啥看完化物语，开始看两集伪物语感觉落差这么大？

节奏一下子乱了，音乐和文字幻灯片的组合没有原本那么张弛有度、富有节奏感，线头挺乱。

台词也变得更加不分主次，不仅微观上缺乏逻辑，在整体上也没有化物语的那种错落感、整体感。

而且抚子啥时候变得这么主动的？人物变得太突兀了吧…

之后的伪物语会一直是这个节奏么？",1
5984507,2,听说还有在学校学习的？来北京坊看灯了，现在出发，还来得及,2
5984504,2,,0
5984498,2,"公告
亲爱的同学们，
我们即将开展一项非常有意义的活动——捐书给山区的小朋友们。这些孩子们由于地理和资源的限制，往往缺乏足够的阅读材料。因此，我们诚挚地邀请大家参与这次捐书活动，将大家不再使用的书籍捐赠出来。（教科书和杂质除外）
捐赠地点：45甲宿舍楼下
捐赠方式：请将同学们想要捐赠的书籍整齐地放到指定的捐赠点，并尽量保持书籍的整洁和完整。
捐赠时间：2.25-2.26
特别活动：我们鼓励同学们在捐赠的书籍中写下一些鼓励的话语或者分享您的读书心得，这样可以让山区的孩子们感受到更多的关爱和鼓励。
大家捐赠的每一本书都可能成为山区孩子们打开知识大门的钥匙，帮助他们拓宽视野，丰富内心。让我们携手行动，为这些孩子们带去智慧和希望！
非常感谢同学们的参与和支持！
 
 
（哈哈哈！！！这其实是高口的一项作业，要求组队做好事。我们就选择了捐书的方案。祝同学们开学快乐！）",4
5984496,2,"贵校有什么写作课类的课吗
目前了解的就是学术英语写作
求问🥺",2
5984495,2,大家都有人关心[鼓掌]那我还活集贸啊[鼓掌][鼓掌]直接跳了[鼓掌]哈哈[笑哭][笑哭],3
5984490,2,xk这边老师每年一般有多少硕博名额,0
5984483,2,"各院系安排在3-4节时段的课程不能超过院系所有排课时段总量的20%，不符合以上要求的，系统审核执行计划时不予通过。最终审核不通过的院系将无法参与安排教室。
为什么有这个要求呢？",2
5984476,2,温州人确是吃肉馅的元宵吗？,2
5984472,2,有偿收yp中宏课程资料，题库笔记什么的都可以！,2
5984471,2,"有没有uu去看BLG打JDG的呀……
可以一起打车回学校～
通州实在是太远了😭
tag： lpl jdg blg 通州",3
5984463,2,"求拉zdd计量经济群，感谢！
#zdd #计量经济学 #张丹丹",2
5984449,2,真想投胎在京沪，那样我就可以佛系过一生了,0
5984447,2,"求评测，清北互选课，当代中国政府与政治。谢谢！
tag：thu sg",3
5984442,2,test,2
5984432,2,蹲一个cos搭子！本人女，身高163体重40，入坑时间不长，但是目前干劲十足，动漫游戏都可以出，博爱党，可以配合搭子出cos，长相还可以，希望有uu和我一起出cos和逛漫展，哦内盖🥺,7
5984427,2,出示人大校园卡可以进清北吗？,1
5984421,2,什刹海人巨多😇,1
5984414,2,为什么校园网一直连不上，准确的说是能连接但上不了网，网费交了啊,1
5984408,2,回到学校一周 狠狠瘦了1斤,2
5984403,2,现在去家园还能吃到汤圆吗,1
5984394,2,想问问zx财会教材用的多吗，有必要买书吗,0
5984391,2,系统还原和重装系统应该是不一样的吧，系统还原是干了啥，会清空D盘吗？,3
5984390,2,"请教各位
在什么社团、问什么问题帮忙等场合下容易脱单呀",10
5984387,2,有没有姐妹愿意一起约早上七点场打羽毛球的～本人业余水平，没上过课但是打了很多年，纯当减肥锻炼，蹲一个愿意早起的姐妹！,2
5984373,2,"学了就是会了

​考我是什么意思？

​都录取我了还不相信我？！",3
5984369,2,学一食堂 有黄和白两种汤圆 还可以装一起 排队队长但是快 (吐槽一下外带塑料袋子和塑料盒子居然分开付费。。,1
5984368,2,qdb或kml健身卡能两个人一起用吗？,1
5984366,2,为什么暑研除了生活费机票还要给美国学校交钱呀？是没funding吗。 暑研,2
5984364,2,25出超大收纳箱，带轮子 校内自提,2
5984362,2,午睡快要睡醒的时候，突然感觉身体被死死地往下吸，呼吸不了，同时耳朵里出现耳鸣声，声音迅速增大直到爆炸,4
5984354,2,出3月2日百讲《卡门》歌剧演出票一张，票价200元，可小刀,1
5984352,2,求拉 英语词汇与英美文化 周一 五六节的课程群 dz刚刚补选上 谢谢🙏,2
5984351,2,喜欢吃东西，也喜欢臭美，就好焦虑，想减肥但又感觉自己不是很胖，也有人夸我，我就很纠结，要多瘦才可以啊，哭死，我本来觉得现在这样刚好，但是夏天想穿吊带，因为骨架比较大，天生是胳膊有点粗，说是减脂，我自己皮肉贴合度还行，基因上看起来体脂率低，想减肥穿吊带，怕减肥掉胸，主要也管不住嘴，不满意的地方先天的占比更多，或者别人给我目前体型反馈都挺好，没有足够动力，好烦啊，😰😰😰😭😭😭,10
5984346,2,22 哲系 感觉活跃的人好多 本人其他院系只是有所耳闻,1
5984343,2,uu们，咱们学校定点医院是哪个呀，dz想去看一下皮肤科,3
5984340,2,我宣布，家园的汤圆最好吃，馅儿料里竟然有杏仁片,3
5984335,2,"不会排列组合的话问题大吗
概统",4
5984333,2,今天学校有灯谜之类的活动吗？,1
5984330,2,元宵节破防，我要元宵！我要袁骁的概统！我想过袁骁节！,2
5984328,2,dz通过计算发现，在计算每门课的gpa时，会保留两位小数，并在运算最终gpa时也是采用保留两位小数的结果而非原数据。同时我们采用的绩点计算方式是先算每门课的绩点再将绩点加权，这种方式计算的绩点与先计算均分再计算绩点的方式相比在高分段绩点会偏低,3
5984327,2,只是随便看了一眼选课网，竟然选上想选的课啦！,1
5984321,2,"求电子版生化的应试指南
#北医 #医学部 #生物化学与分子生物学",0
5984320,2,才发现fy的院长是在gsm读的博后诶🥳,3
5984318,2,感觉物院的博士生群体里漂亮姐姐占比挺高的，，跟本科生不太一样呢,2
5984317,2,学校的卤味，吃一次失望一次，再也不要买了，切切，鸡翅，鸭翅，猪头肉，猪耳朵，牛肚，羊头肉，可以说水平低劣,1
5984302,2,娘希匹 overleaf又炸了,1
5984301,2,星露谷好好玩，好上头……,1
5984299,2,现在预约朋友进校还必须从约的门进吗,2
5984296,2,"5572390
树洞诗晚餐day138
姜夔《鹧鸪天·正月十一日观灯》",2
5984293,2,保研推荐信是否是必须的呢,2
5984292,2,大家都在哪里找实习呀，社科院系，不实习感觉会找不到工作,1
5984291,2,蹲今晚ktv,4
5984287,2,各位现在能上overleaf吗,2
5984284,2,求固定收益证券群！谢谢,1
5984283,2,"Top2券商总部投行债务融资部正式实习生招聘
（项目组老师认真辅导，能学到较多干活以及工作经验，上海现场实习包三餐，且另外有一定的实习补贴）
1、base：上海。
2、招聘对象：2025年及以后毕业硕士（需已研究生入学），走人力，有一定实习补贴，2025年及以后毕业的表现优异可推荐后续考核留用（该留用入职方式为当前入职的常规模式）。
3、实习内容：主要负责债券一级市场的项目发掘、承做及承销，产品涉及公司债、企业债、非金融企业债务融资工具、金融债等。
4、实习要求：
（1）连续实习3个月以上，每周4天及以上；
（2）工作细心认真，态度主动积极，可接受加班，无需出差；
（3）券商投行类相关实习经历优先；
（4）经济、金融、财务、法律等相关专业，有财务基础、相关证书如cpa、cfa优先。
5、简历递交方式：
（1）请将带照片的PDF版简历发送到1661231116@qq.com，ASAP
（2）邮件主题及附件名称请按照“【实习招聘】姓名-研究生学校（专业）-本科学校（专业）-毕业时间-实习时长”格式。请于2024年3月前发送",1
5984281,2,一遇到压力就想逃避，唉，人性天生想逃避。。。逼着自己去适应,4
5984273,2,"在图书馆，把电脑微信关了，所有设备都勿扰模式
想写什么写什么
想想什么想什么
想听什么听什么
感觉我又属于自己了",2
5984270,2,求问万洞，有什么比较有史诗感的电影或电视剧？比如指环王之类的,1
5984264,2,法理学阅读材料在说些什么啊 真把我当哲学家还是怎么的？,2
5984252,2,大一新生求问：马池口的教室在哪啊,6
5984247,2,蹲蹲kml健身搭子～,2
5984245,2,北大周围有哪个餐馆比较好吃啊求推荐,0
5984240,2,新手每次去新太阳练琴，都觉得自己好菜，真的对不起周围各位大佬的耳朵55555,3
5984999,1,"概率论第一章23题答案书给的结果可以化简吗
sms 概率 概统 ryx lxy gh",0
5984998,1,"刚刚抢到太极拳
有uu能帮拉llq微信群吗🥺🥺",0
5984997,1,好想感受一下和npy在校园里走但不用畏畏缩缩的感觉😭,0
5984996,1,求问万洞，谁有家教群可以拉拉我，求求，最好是靠谱的，成功过的,0
5984995,1,赞美。。。gpt。。。。,1
5984994,1,求问牡丹园海底捞小桌50桌大概是等多久的水平ww,0
5984993,1,请问国社上期末会给考试范围嘛？还是就看ppt？,0
5984991,1,想问下大英赛怎么报名啊？sk上的学校没有你校哎,1
5984989,1,"全部全新出售！！！全包100块
专八真题2011-2021 💰20
专八阅读180篇 💰20
专八听力（+ 专八听力冲刺200题） 💰20
专八听力800题 💰20
专八词汇 💰10
专八阅读 💰20",0
5984986,1,退三宝纠结洞 比较需要提绩点，担心给分雷 dz理科生，想问问期末会很难背吗？感觉自己背诵能力还行但也不能说特别强，但好像考得很细很怕炸...,1
5984984,1,"管理学经典选读 不在经双的培养方案里？？
hh nsd 经双 经辅 国发院",0
5984982,1,搞暧昧就像本雅明所谓的灵韵，谈恋爱就是灵韵的消失,0
5984981,1,费米子……蓝帽大汤圆……🤤,0
5984976,1,"还有四十分钟收摊
5984889",1
5984973,1,博物馆学概论 求拉进群！vx：yy2942858091，先谢谢啦～,0
5984968,1,"双学位和本专业专业课撞了  非毕业年级可不可以冲突选课啊呜呜呜呜呜呜呜呜 
dz真的很崩溃 烂专业课霸屏 根本选不了一点啊啊啊啊啊。。要哭死了  这样根本修不完双学位啊",0
5984967,1,nsd 我有qj的国际贸易/国贸想换一个lxl环境经济学/环经，有想换的可以留一下联系方式哇,0
5984966,1,wjg 史纲，求组队，最近才补上，vx：MartyrXF,0
5984965,1,5983207，再捞捞,0
5984964,1,"5984471
捞个dz",0
5984963,1,求问万洞 现音/现代主义音乐背诵量大吗？内容会很晦涩难记吗？想求一些准备小测和考试的建议,0
5984961,1,刚补选上艺术经典里的百年中国，求好心洞友拉课程群www,1
5984959,1,有人退地社吗,0
5984955,1,今晚des组局 or已有群的话拉dz一下,0
5984954,1,概率统计B在教学网上怎么没有课程回放这一栏呢？我刚选上的，这周三的课程回放都找不到😲,0
5984953,1,医学部逸夫楼723存在大量花灯和元宵，如有需求尽快从速！,0
5984951,1,求问学校的夜鹿同好群吗🥺,2
5984949,1,选国际象棋要跑85km吗,0
5984945,1,看烟花咯,0
5984943,1,想死了真的，毕业论文搞不出来一点，字数0，平时还要上班,0
5984942,1,从今天开始，绝对不叫crush出来了,2
5984936,1,学习，爽！,0
5984933,1,"华语流行音乐每日推荐 114
鬼否：《界门纲目科属种》
http://163cn.tv/ETuto0 (@网易云音乐)",2
5984931,1,是哪里在放烟花🎆,0
5984930,1,想赚钱,0
5984929,1,新媒体运营与创作还有小组需要人嘛？刚刚补选上，dz会剪视频会写文案，在大厂做过运营实习,0
5984928,1,发现多用线条小狗自己就能变得e一点！,0
5984926,1,求问万洞，经院张辉老师的政治经济学在哪里上呀？？,1
5984920,1,什刹海灯会结束了吗？,1
5984914,1,想求助万洞，学校有那种创业孵化器之类的嘛,1
5984913,1,"捞捞问卷5921546
填问卷100%可领1—3元小红包！",0
5984911,1,国际人权法求拉群🥺🥺🥺,1
5984910,1,有没有选过北外日语的同学可以分享一下考核方式和授课内容呀,0
5984906,1,家三插座是都不能用了吗,0
5984905,1,博雅塔有亮灯吗,1
5984898,1,二教人好少，原来是大家都出去玩了😭,0
5984893,1,收kml健身卡！时间不限（长一点最好啦,1
5984892,1,哈哈哈哈～我npy是个可爱的恋爱脑宝宝哈哈哈哈哈哈哈，乖死了,1
5984888,1,拿错快递了🥺，dz的快递是p24柜，错拿成了p19柜里的，请同学看到后联系18364621981，我给你送过去，真的非常抱歉！如果没有联系的话dz明天拿到近邻宝去跟工作人员解释一下，对不起😣,1
5984886,1,捞 #5202267,0
5984881,1,求问昌平六号楼一层研讨室桌游是有群吗，想进群一起玩！,0
5984880,1,在制造公司工作 4 年半后，伊藤耕一郎认为自己存了一些钱，该做自己喜欢的事了，于是毅然辞去工作，跑去英国住了六个月，又去美国住了一年，期间考上了语言学校。但与其说是留学，不如说是旅行，大部分时间都在外面玩，后来回到日本也是因为积蓄用完了。,2
5984879,1,请问应用微观计量经济学这门课有群吗？dz第一堂课没去上，啥消息也不知道,1
5984876,1,出毛概教材（2018年版），5r,0
5984873,1,qdb求拼私教课，已联系到阿银教练（女）。洞主可以接受10-20节课。dzvx：beaming-777,1
5984868,1,"#5948369
低碳经济与碳金融 tff 经双
小组内有位同学退课了 还有同学要来的吗",2
5984866,1,"校医院精神科预约满了怎么办
可以到时候直接去吗还是一定要等预约",1
5984864,1,#5981303 欢迎大家参与,0
5984861,1,请问2022级法语系的法语精读（四）可以旁听吗,0
5984860,1,悲 学五的烤肠也没有以前好吃了，居然还吃出一小堆骨头碎,2
5984859,1,如何评价软微,1
5984858,1,"收
孟子译注 专书选读（二）教材
英语词汇学教程 英语词汇与英美文化教材

企鹅——七⑧75巴巴贰⑦玖",0
5984856,1,"#5974586
捞捞，救命，新太阳也显示“在学证明不存在”啊啊啊啊啊",1
5984853,1,"收《轻松读懂财务报表》！
qq：3807984254",0
5984851,1,"#5978769  捞捞 求求好心人帮忙～～
#地空 #gis #地理信息系统概论 #跨院系 #选课 #课程测评",0
5984850,1,"经院   jy
捞捞#5984746",0
5984849,1,"5980607
zxb概统作业书上的题目
不用谢，我今天也在树洞被帮过～",1
5984843,1,收《心理学与生活》，qq26⑨227⑨97叁,0
5984842,1,每日一个厌童小技巧,3
5984840,1,收kml康美乐、邱德拔qdb健身卡！,0
5984835,1,"#5982338
捞！

现在1、3、6、7、8、9、13都还没人猜出来，大家加油猜！

提示放送：
第一题：前五回非判词
第六题：内容相关
第七题：非四字成语

tag：灯谜，谜语，元宵节，猜谜",0
5984834,1,烤羊,0
5984829,1,"10元出大概长这样的车锁，图片是网上找的。
今天临时购自蔺师傅修车铺（20元买的）
只用了1天，带2把钥匙
本人不习惯钥匙锁，另买了密码锁故出，功能无任何问题",1
5984824,1,为啥经常有人来找我抱怨啊？之前是朋友和表妹找我说她们家里的烦心事。最近两天嫂子总是找我吐槽我哥，但跟我说有啥用啊？结婚的是他俩，他俩的问题不该自己解决吗？（甚至是不回消息这种小事也要找我说）今天元宵关心一下他们咋过节，然后就开始一直说，不想回消息又觉得不礼貌。,2
5984823,1,请问光百的非虚构性写作大家都选什么主题和人物啊？,0
5984818,1,"flag
10 点前写完 2000 字(•̀ᴗ•́)و",0
5984815,1,请问一下，俺是助教，被课程负责老师加入了教学网，但是我在教学网找不到课程有关信息，请问应该从哪里找呢,2
5984813,1,在松林地上看到一张明信片，估计是某位同学掉的，放在松林的失物招领处了,0
5984812,1,看到很好看的同学，看了好几眼，好羡慕好看的，自己长得一般，唉,0
5984810,1,中国有声语言和口传文化，老师说的昆曲和诗词朗诵的考核是在期末吗，所以这门课期中是没有任务的吗,0
5984808,1,学校周围配眼镜哪里好,0
5984804,1,下周二下午四点校外剧本杀《猫岛谋杀循环》捞3个男生一起玩，最好是喜欢玩剧本杀的朋友！联系方式见评论,1
5984802,1,5984779有没有猜灯谜的！,0
5984801,1,捞捞#5982530,0
5984800,1,这是啥意思，为什么不在网上公开？为了挣钱吗,3
5984798,1,博雅塔亮灯了吗,0
5984796,1,出3.1 卡门 60r  一楼23排,2
5984791,1,奇了怪了，电子在读证明申请选项消失了？,1
5984789,1,国际谈判与国际公文写作 在智慧树上导入课程了吗，我进去啥也没有啊,0
5984787,1,英语听说 cb 这周是不是只需要完成老师在群里说的三项即可（课本，听力练习，以及下载软件），我看教学大纲还有个人发言上传，这个应该不需要做吧,0
5984782,1,白色不透，无花边无其他颜色无金属装饰，修身不贴身不宽松，平胸小个子梨形身材，不掉肩的长袖衬衫，好难买,0
5984777,1,"求现代天文学的课程群，刚选上！昨晚没去（哭
dz v：xxx200312
万般感谢！！！",0
5984775,1,为什么有人在图书馆打个哈欠都震耳欲聋，也是厉害了,0
5984774,1,25四川选调捞队友,0
5984773,1,毕业论文的literature review一般写多少字呢,0
5984770,1,今晚未名湖人多吗？,2
5984766,1,有没有选过 博弈与社会 的大佬，想加个联系方式长时期地偶尔请教一些问题，有偿！🙏🙏🙏,0
5984765,1,求好用清爽的防晒推荐！突然发现长了一堆晒斑,0
5984763,1,邱德拔工作日哪个点人少 求问,0
5984760,1,表白 sky 20级 lz小姐姐，小姐姐好可爱,0
5984758,1,捞一个一起买周日哈肯老师李克勤演唱会的uu，喜欢这个风格，余票还有折扣,0
5984757,1,"colloquim
我的救星",0
5984755,1,有没有周四56节lhj老师自然辩证法概论的课程群 谢谢字母君们,0
5984751,1,原价出2月25日百讲诗情画意中国诗词歌曲音乐会，有事去不了🥹,0
5984750,1,"招跑团PL
【模组】：湖之仆从
【类别】：线上语音，coc7th
【模组背景介绍】：故事发生在洛夫克拉夫特地区，位于金斯波特以北以及阿卡姆西南的一片湖周围。调查员受弗雷泽银行家之托，寻找他失踪的儿子。
【时代】：1920s美国
【人数】：3~4人
【调查员背景要求】：认识银行家杰拉德·弗雷泽。
【车卡要求】：480不含运或roll5选1，属性上限80，技能70/50
【注意】：慎重！！kp此前是无限流跑团PL，COC没跑过几次，规则可能不够熟悉，判定可能也比较宽松，还请大家多多包容；教车卡(实际上自己也一知半解)。人齐的话大概下周六日开，时长4~6h
联系方式见下",2
5984749,1,"网站洞捞一个烟花洞5807854 
https://nianbroken.github.io/Firework_Simulator/
祝大家元宵快乐🎆🎆🎆",0
5984744,1,高数 下  第二版和第三版的习题是一样的吗,1
5984743,1,法理学 一个星期要读600页是认真的吗,0
5984742,1,捞#5957904,0
5984741,1,3.8kpop派对有一起去的搭子嘛！,0
5984739,1,"二手书毕业出清啦！以社科教科书为主，价格可刀～q：3321106674
https://docs.qq.com/sheet/DVnlycG9icXVPY2ZX?tab=BB08J2
#选课 #返校 #退课 #二手书 #教材 #元宵 #开学",0
5984738,1,很喜欢杨采钰  汤唯这种气质长相的！,0
5984734,1,"5984672 5984657
来北京坊看灯会！",1
5984733,1,"求问万洞 有没有医学部保研/二级学科进了卫生政策/社医卫管/社会医学与卫生事业管理的学长学姐呢🥹 想咨询一些问题 可请奶茶
#公卫 预防 医学部 北医 医英 护理 公共卫生",0
5984732,1,收研究生网球课，可有偿,1
5984731,1,有打够级的群吗,0
5984730,1,发点可爱的,0
5984724,1,求问一下地空的同学，选修《遥感概论》和《地理信息系统原理》这两门课哪门更推荐一点？谢谢,0
5984721,1,想去谷店翻垃圾堆三┏ (  ˘ω˘ )┛,0
5984716,1,晚上十点多还有哪些店可以吃到汤圆吗,2
5984715,1,今晚石舫喝酒赏月局,1
5984713,1,老爸今天50岁生日，俺妈也快了。感觉时间过得好快。。。,0
5984711,1,有活动吗,0
5984705,1,求周二晚《环境经济学》和周五晚《国际金融组织与全球金融治理》的退课，毕业不了了，救救孩子吧~,1
5984702,1,问一下医学部宿舍楼门禁刷不开应该去哪里上传照片,1
5984700,1,"捞捞，5980161
有没有其他uu需要帮助的？",0
5984698,1,杰青基金会查重吗?,2
5984694,1,5984058 捞,0
5984693,1,元宵晚会 dz实验室有点事先润了，票号是86号，要是中奖了的话麻烦告诉工作人员重新抽一个吧💋顺便也告诉我一下哈哈哈让我知道今天运气怎么样,0
5984688,1,原来被人喜欢就是这种感觉,2
5984686,1,"出小米体脂秤S400, 50",6
5984680,1,求问hjl，slb 周三78马原的考核方式，dz因为太极拳把马原改到了周三，求拉课程群,0
5984679,1,"dz想拿理想国（3学分，周二10-12，12是讨论班）换秦汉魏晋南北朝政治历程（2学分，周三10-11），问下有没有选课意愿和dz匹配的同学呀？
#csy 41 哲系 哲学系 ybk book 历史系 通选课 一类 I类 退",1
5984677,1,yp魔术大师受我一拜😭😭😭,0
5984674,1,求拉zdd计量经济学群，，感谢感谢,1
5984673,1,求助万🕳️，财会作业与往年重复率高嘛,2
5984669,1,周末可能扩名额吗,0
5984666,1,出滑雪头盔，outdoormaster的，因为尺寸买小了，所以出，全新，有意向请留号,0
5984663,1,"大师，我忘不掉一个人
我是说假如
假如我去他的城市找他
我告诉他 我忘不掉他
就算他让我滚我也认了
可以吗",4
5984662,1,overleaf炸了，我的论文呀！不会找不回来了吧,0
5984661,1,求问概统zxb老师上周留作业了吗,0
5984660,1,元宵节学校也没个活动?,0
5984659,1,29楼有卖网球的嘛,0
5984654,1,有没有元宵晚会吐槽群,0
5984651,1,李四没有家人吗(๑•̌.•̑๑)ˀ̣ˀ̣,0
5984650,1,有人退yp中宏吗 有偿,0
5984649,1,退自杀社会问题研究,0
5984648,1,"#5974125
百讲 出票 Alice不见了T.T 
继续出",0
5984645,1,开始emo,0
5984644,1,"请问zx财会有签到吗😭😭😭
没回放我直接看笔记",0
5984640,1,收微观经济学现代观点课本及练习册（纸质版）,0
5984634,1,陆俊林计组第一周没作业也没慕课对吧,0
5984633,1,"捞捞
#5977843",0
5984629,1,菜就多吃 第四期    内有乾坤 感谢大家亲自点击进入,11
5984628,1,有人在潘家园拼车回北大吗,0
5984622,1,中关村酷秀房间111中包3h，now，极限摇人,0
5984621,1,看到大家又都在骂软微我就放心了😌,2
5984616,1,Popi是什么意思,1
5984615,1,捞捞#5984193,0
5984614,1,#5983899,0
5984610,1,"尝试卖本书
书名：《斯雷德大宅》
作者：大卫·米切尔
类型：（纯文学/奇幻）小说
全新，刚到货，塑料膜都没拆，精装本，原价45元，10元出，有意者请留微信",0
5984607,1,有没有十一点大兴机场回学校的 求拼车,0
5984605,1,捞捞  5984203,0
5984603,1,家园没元宵了,0
5984602,1,8号线什刹海封了，只出不进,2
5984597,1,？,0
5984596,1,表白 23yp lmx xjj！,0
5984594,1,？,0
5984592,1,医学部的校园网 手机连上以后用不了，这是怎么回事 没有欠费,0
5984591,1,"sensation
五道口
这个要门票吗 
小白不懂",0
5984586,1,收airpods2，越新越好，全新更好，带价来可商量,0
5984580,1,为什么今晚北海公园外面这么多人,0
5984576,1,这学期暑校（第三学期）选课啥时候开始呀？在哪看通知呢？,1
5984569,1,捞5983997,0
5984564,1,为什么现在登不上overleaf啊，显示403 forbidden,1
5984560,1,"捞5980620
能不能捞到Alice😭😭😭",0
5984554,1,我对于回一个一开始有好感的人的消息感到厌烦 这正常吗,1
5984553,1,"晚上在农一吃的汤圆
没有早上家一的好吃",0
5984546,1,哪位uu 有木北会员卡哇，可以借用吗,0
5984540,1,有无出去一起转转的uu呀，元宵节想出去逛逛，没吃饭的话还可以一起吃点东西,19
5984537,1,20收英美小说与电影，新一点更好，感谢,1
5984536,1,捞5984420,0
5984533,1,研究生论文答辩一般在什么时候呀？,0
5984530,1,如何快速证明自己是北本？,5
5984528,1,求助，chemdraw下载不下来,0
5984525,1,北大就业市场信息办公室正在招新 不太了解有意义参加吗 还是就是免费劳动力啊,0
5984519,1,汤圆的确好吃，但不饱肚子😭😭😭,2
5984517,1,蹲一个22级预防的同学，帮本缓考人即时更新一些微生物和遗传有关的课程消息。可有偿一杯奶茶钱，感谢🙏,1
5984514,1,,0
5984508,1,咱学校汤圆卖多少钱呀？看外卖的都好贵。。,2
5984503,1,求拉 中国经济思想史群,2
5984500,1,昨天他给我看新买的包，其貌不扬，mulberry 倒是听说过，但是没想到要一万多…,0
5984499,1,求一些这学期泛人文类的好课推荐,0
5984494,1,"社科定量为什么这么多人退呢
国关",2
5984492,1,overleaf打不开了？那我之前码的会自动保存吗...,0
5984489,1,有没有出康美乐健身卡的,0
5984487,1,"研究生中华毽课程群，选课的同学可以加一下～

#中华毽 #好课 #研究生",0
5984481,1,"#出书
量子力学简明教程 曾谨言 8r
电动力学（教材+习题解答） 郭鸿硕 15r",1
5984480,1,捞捞5984436,0
5984477,1,跟半生不熟的人在一块聊天为什么尴尬，因为可以用来客套的那些话都问不了了（比如老家在哪，学什么专业，这些都知道了），直接往深了聊又会很怪,3
5984475,1,积水潭医院本科的实习生们，以往寒假能放过元宵节吗？（所谓早放早回的今年不算）,0
5984470,1,物院本研很多组要求要有一定编程基础，请问编程能力需要达到什么程度呢,0
5984467,1,佟园还有汤圆嘛,1
5984465,1,"打开贴吧，看见现在欢乐斗地主都玩出花了，还有人往里几千几千的充值，局内居然还能用技能...
打个扑克而已...",1
5984464,1,求问谢侃侃老师的东南亚研究学术写作怎么样？任务量，考核方式,1
5984462,1,泊星地的当日咖啡可以做成冰的吗？,5
5984461,1,"Cubase 13 Pro坑位，Waves白金包坑位，以及一套Komplete 14 Select，都可以低价出售，感兴趣的uu可以戳戳！
#编曲 #混音 #软件 #正版",1
5984460,1,85km能在跑步机上跑吗,1
5984456,1,5983207再来捞捞，没看过也没关系的呀,0
5984455,1,家三蕉叶烤鱼多少钱啊？,0
5984453,1,求拉丁一文线性代数A课程群,0
5984451,1,刚刚有人拿错蛋糕吗 南门三号架子三层的派悦坊,1
5984450,1,,0
5984445,1,现在还有汤圆吗？,3
5984441,1,"捞捞问题洞
#5983309",0
5984440,1,"给给？
网络树洞交友可信吗？女生也可以讲一下！！！
之前谈的都是线下认识的",3
5984439,1,"主题：数字政府研究工作坊 

【背景介绍】
为了更深入地推动数字政府相关研究与发展，我们成立了数字政府研究工作坊。目前，工作坊汇聚了计算机、公共管理、计算社会科学等跨学科的研究力量，已自主设计、研发了两个数字政府相关的大型模型，有大量研究资源和基础。为了深入研讨和合作产出高质量研究成果，现招募数字政府研究工作坊合作成员。

【工作坊职责】
1. 知识共享、学术交流和信息发布平台；
2. 组织定期研讨会，探讨数字政府最新研究议题，供成员自由讨论和选题；
3. 每月编制、发布工作坊内参信息；
4. 为成员提供论文撰写、课题申请、课题研究等方面的指导； 
5. 支持成员开展前瞻性、探索性研究。

【招募要求】
1. 具有公共管理或计算机科学背景的申请者将予以优先考虑，但我们同样欢迎对数字政府研究有浓厚兴趣的其他专业学生加入；
2. 具备良好的文字功底和逻辑思维能力，能在导师指导下独立完成论文撰写；
3. 具有强烈的责任心，解决问题的毅力和耐心，不轻言放弃；
4. 在校高年级本科生或研究生，能够保证有足够的时间参与研究工作；
5. 我们希望成员有志于长期在数字政府研究领域深耕。

【我们能提供】
1. 提供专业的论文写作与技术指导，并提供大量交流机会，帮助您提升研究能力；
2. 根据在论文或课题中的贡献，可提供在高水平期刊和课题上署名的机会，有助于提升学术简历和绩点；
3. 如果您在研究合作中表现出色，将有机会获得奖金或获得额外研究支持。

【申请和考核方式】
有意者请发送简历和自我介绍至2306790033@pku.edu.cn报名，我们会尽快与您联系。
在通过线上面试、笔试、线下面试后，您将成为我们的一员。
数字政府研究工作坊期待您的加入，共同推进学术研究的新篇章！",1
5984438,1,石冬芳老师的二外法语怎么样 给分ok吗 急,0
5984435,1,有没有姐妹昨天在康美乐健身房更衣室拾到一个绿色壳子的AirPods🥺🥺🥺,0
5984434,1,"出书

词汇书 15元一本

教材
高数d教材（少勾画）及配套练习册（近乎全新）带同济绿皮书 打包45
python教材 10元一本
spss数据分析教程、文化人类学引论 15元一本

读物
社会学的想象力 20元一本
追风筝的人（全新未拆封）25元一本",1
5984433,1,食堂捍胃者是什么东西,0
5984431,1,好久不见,0
5984429,1,什刹海人好多 我还是逛未名湖吧,0
5984423,1,出23秋习概教材，略有勾画，10r,1
5984422,1,请问周五的生态学与环境变化拉群了吗，dz刚选上，第一节课没去,0
5984420,1,想用c级英语散文选读换一门通选课，有没有洞友帮帮,0
5984419,1,徐kf同学对不起，我拿错外卖了现在送回去😭😭😭😭,1
5984418,1,求一份上学期文爱讲《爱是不能忘记的》的录音，价格您定😭,1
5984417,1,"捞捞
#5980136",0
5984416,1,"本人男 取向男
想要肌肉男谈恋爱，喜欢摸肌肉",5
5984415,1,农一现在还有汤圆吗，在哪里排呀,2
5984411,1,有无34楼的姐妹可以帮孩子取几个快递，都是小件，一趟就可以拿完，20r！,4
5984410,1,出一张3.2卡门150,1
5984409,1,"本人男 取向男
想要肌肉男谈恋爱，喜欢摸肌肉",2
5984407,1,psx老师的普物是专门开给空飞班的吗,0
5984405,1,年前在金光附近丢了一对AirPods（只有耳机），之前看到在遥感楼附近，最近在40号楼。麻烦拾到的同学联系我，感谢🙏,3
5984404,1,求问五四物美有创可贴买吗？或者三角麦叔？,0
5984402,1,lbb，马原 三缺一 求组QwQ 会好好听话好好干活的Orz,0
5984398,1,去qdb/kml健身一般会带什么东西？,0
5984396,1,"5983393
sms 数院
大家真剩这么少吗",0
5984395,1,"帮我的好朋友发个JD，是高中同学，做的事情一直有聊，保真，人是靠谱的！感兴趣的家人们戳戳他！

【诚招创业项目合伙人】
本人985电信大四在读，读研➕创业，现任AI教育初创公司合伙人。
公司去年营收30w+ ，正在进行产品开发，目前600+付费用户在社群沉淀。
诚招设计/艺术相关专业同学负责UI/UX 设计，岗位 JD 如下， 欢迎感兴趣同学私戳。
联系方式：lxx9972599

#创业 #设计 #ui/ux #产品 #合伙人#考研 #保研 #开学 #交友 #实习",1
5984393,1,什刹海灯会～,0
5984389,1,神经病啊啊啊啊啊啊啊啊我的电动车才充了三十分钟凭什么给我拔了😭😭😭😭😭😭😭😭😭😭😭😭😭😭😭😭😭😭,3
5984385,1,"收书：《宏观经济学》（第十版）曼昆
Q2198658769",0
5984381,1,popi 大二 ♂,6
5984380,1,这个洞咋被删了,10
5984378,1,求问，现在可以凭学生证或校园卡进清华嘛！,3
5984376,1,"打完拖了一天终于更新的phigros新曲包后放弃了靠这个包恰烂分的想法。
太久没玩phi人都变菜了...orz",0
5984374,1,立及甬,1
5984371,1,求工程技术基础实践😭，可用制造工程体验换也可小偿,0
5984361,1,不小心拿错了南门外卖架喜茶的春光，因为小票掉了加上外卖员发的照片角度是对的所以拿走了，那位同学你看到这条加我吧我把钱转你，或者你喝葡萄冻冻的话直接在外卖架拿,1
5984360,1,"年龄大 想找喜欢且合适的人 做女朋友 好好恋爱 如果合适走到最后就更好了。
越是抱着这种想法，越单身….",0
5984359,1,Popi  在做志愿 好无聊,2
5984358,1,"找跳舞搭子！dz女生，在G社办了卡，想找搭子一起去跳舞！dz周五周六周日都可，主要跳jazz,mv dance，这学期也想试试urban",0
5984356,1,新出的北京消费券好像没啥用啊，京东都没参加,0
5984353,1,想问一下食堂有元宵卖吗？就是炸元宵,0
5984350,1,理教108…好臭,3
5984348,1,蜜雪冰城经典的两元冰淇淋线上点不了吗😢,1
5984344,1,"交谊舞？
交易舞！
交易，都给我去交易
不交易，学什么地震概论（暴论",0
5984341,1,nt导师和师兄，本事没多少，阴阳怪气恶心人有得一手，一想到还得在他们手底下干几年，就恶心的不行,2
5984339,1,求拉中法史课程群，刚选课，感谢,1
5984334,1,成府园现在还有汤圆吗,3
5984332,1,今晚想去按摩，有一起的姐妹嘛，你可以推荐一个地方～但是不知道会不会要排很久,1
5984331,1,"法语翻译练习，
例句：大家好啊，我是说的道理，今天来点大家想看的东西
请把以上句子翻译成法语",4
5984324,1,gsm 求问万洞，修过新时代劳动实践（线上课）后还要修周五的那个经济管理实践的劳动课吗,1
5984322,1,博弈与社会、社会与经济网络、国际金融与全球治理、管理学经典导读 4选2,0
5984319,1,有偿10r求一位同学去新太阳学生中心2楼204帮忙领取新年惊喜盲盒，dz下午有事没办法去领，有意可留号🥹（被之前找的代取鸽了，重新找一位可靠的友友）,1
5984316,1,做了几道题就错了几道题  哈哈  我真是个蠢货🙃,0
5984314,1,学校哪里有汤圆可以吃吗，今天跑来佟园吃没有了呜呜呜呜呜呜，或者学校附近哪里可以吃吗,1
5984311,1,再捞🥺🥺🥺 5980620,0
5984310,1,感恩百讲工作人员！失物招领的时候人真的好好！,0
5984309,1,晚上学校有活动吗,0
5984308,1,捞🥺🥺🥺求求🥺,2
5984306,1,想请问一下高级英语阅读/高阅有发课程大纲吗？选上的时间比较晚，加入微信群后也没看到，能不能请好心人发一份 qq：贰叁0贰0叁肆五五0,0
5984304,1,"捞捞问卷5921546
填问卷100%可领1—3元小红包！",0
5984303,1,"捞
#5984249",0
5984298,1,"二手书毕业出清啦！以社科教科书为主，价格可刀～q：3321106674
https://docs.qq.com/sheet/DVnlycG9icXVPY2ZX?tab=BB08J2
#选课 #返校 #退课 #二手书 #教材 #元宵 #开学",1
5984288,1,中文系为什么坑 不是知乎强推专业吗,5
5984285,1,求问国学经典讲论的考核方法！！！,0
5984282,1,5980776许愿第四天,1
5984280,1,全新出粉白色阿迪达斯鞋40.5码（断货了）阿迪鞋买多了 799出 盒子在 想要的私m0901568780,0
5984278,1,zfx第一次测度论有作业吗？dz之后补选上了。,0
5984277,1,目前在学校过了一周最漫无目的的生活,1
5984276,1,推荐一个日本留学中介，青田留学，很不错！大家可以去咨询看看,0
5984274,1,收一本《英语散文史》,1
5984271,1,人生很迷茫 不知道应该去干什么,0
5984269,1,今天晚上学校有什么好玩的活动吗,0
5984267,1,"5983418
捞 玫瑰花窗书签",0
5984262,1,"出一个无线鼠标
联想，使用时间一年多，但是使用频率不高，脚垫有轻微划痕，其他功能正常。详情见图
原价69.99，45出，价格可刀",1
5984260,1,发现今年是闰年后，有一种生命多了一天的感觉,0
5984257,1,cnm屋漏偏逢连夜雨，心态崩了,0
5984256,1,捞捞5982688，现在倾向air，想问下64GB在不打游戏的情况下够用吗，以及校内网水平如何,1
5984253,1,求问xk w y s老师的 可信机器学习 课程怎么样？完全搜不到评测欸。,0
5984251,1,新传创意传播管理，现在组内有一名新传大陆学生和两名体特生，希望能捞到组或者组员,1
5984250,1,有偿出周五下午清北互选课《制造工程体验》，个性化首饰制制作，dz因为学分原因要换别的课了…,7
5984249,1,请问是否有同学知道历史系李霖老师开设的中国历史文选（下）的上课时间和教室？谢谢[可怜],2
5984248,1,"成都商报2月23日报道：前两天，20岁小伙星宇（化名）在家人的陪伴下来到医院。这几年，星宇一直认为自己继母的女儿喜欢自己，即使朋友圈来自姐姐的一个回复，他也认为是对方喜欢他的“暗示”。尽管姐姐否认，也无法阻止星宇的想象。他的状态也随之越来越差，有时大家对着他说话，星宇也没有反应，整个人恍惚呆滞。

成都市第四人民医院主任医师谭樨为这个小伙子作了诊断，其患上了一种名为“钟情妄想”的精神分裂症，也叫“桃花癫”。",2
5984243,1,晚上吃什么,0
5984239,1,准备退哲学导论，需要的可以自取~,3
5984237,1,运动损伤已退，需要者自取,0
5984890,0,中关村怎么放起烟花爆竹了,0
5984826,0,"为什么会觉得自己的人生轻飘飘的？我在想是不是因为二十多年来自己就没有什么热爱的事业，没有生命为之燃烧的事情，没有来自内心深处的热忱在支撑着我。
光阴似箭，转瞬即逝。跟随着本能度过生命的前二十四个年头，吃吃喝喝，不务正业，懒惰、恐惧、妄想充斥着头脑。",5
5984794,0,为什么大家今天都有安排呀，我好无聊。,3
5984740,0,难过 同样的起点，甚至我还略高一些，现在别人已经找到满意的实习了，我投简历了无音讯，感谢信都没有,0
5984726,0,有时候会被自己的冷漠吓到…,0
5984723,0,"求问。
用电脑写作业怎么排除抄袭嫌疑呢？感觉换个名字就一模一样",0
5984720,0,popi一会儿,2
5984719,0,啊啊啊心理学与生活真的好难看进去啊,0
5984707,0,戒🐛第一周，现在满脑子想npy（可惜异地,0
5984692,0,什刹海的龙灯没亮 人还特多,0
5984689,0,5982773 捞 时间不限呜呜🥺dz急急,0
5984670,0,我不明白为什么宿舍书桌那个小抽屉连通下面的格子不能统一设在右边？？？设在左边的1号和3号右手活动空间也太小了？？？,1
5984667,0,生蚝管用吗,0
5984642,0,麦叔的酸奶为什么还不打折😡😡😡,0
5984639,0,秦总😭😭秦总🥺🥺秦总😋😋秦总🥵🥵,0
5984584,0,请问中乐学社这学期会开传习班嘛~,0
5984579,0,"燕南还有好多元宵而且不用排队
有花生馅的和黑芝麻馅的
#汤圆 元宵节",0
5984573,0,还得是学一,0
5984557,0,独在异乡，元宵和自己团圆,1
5984556,0,被自己蠢哭了 不会聊天情商低的要死,0
5984551,0,有人退财会嘛🥺🥺,0
5984542,0,,1
5984539,0,家人们 学一现在还有汤圆嘛qwq,2
5984501,0,早晚被这个烂网折磨死 妈的,0
5984497,0,"#5984133
社会科学定量方法/社科定
退了1/4？？？？",0
5984488,0,,1
5984482,0,哈哈，吃的汤圆了，好吃,0
5984478,0,偷火锅真的一点都不辣！服了,1
5984452,0,感觉整个朋友圈都跑去NYU了,1
5984448,0,"5601831
也不知道到底是巴狗破防了，还是黄狗破防了",4
5984446,0,家四又有未闻花名，好听！,0
5984444,0,1,0
5984430,0,"捞捞
#5962596",0
5984424,0,求问学长学姐一般pta要求“一周工作x天及以上”这个时间包括周末嘛🥲,2
5984399,0,家一和学一的队都好长……有点担心汤圆够不够,3
5984336,0,啊，是的是的，在美国，他们都叫我超人，这个没错，但是在中国，我还有一个名字，大家都叫我栗瑞明啊,0
5984326,0,乌萨奇宝宝你是一个大黄米汤圆 呀米呀米,0
5984323,0,,1
5984315,0,成府园免费送汤圆，我爱她,0
5984313,0,数院22 黄安渝 你的校园卡丢在学一卖汤圆对面的桌子上,1
5984305,0,5974797,0
5984295,0,medcomm这个期刊大概是什么水平的,0
5984294,0,"5572390
树洞诗晚餐day138
姜夔《鹧鸪天·正月十一日观灯》",1
5984290,0,面包,0
5984254,0,和姐姐亲亲了,0
5984244,0,一想到那个人就难受，一难受就要吃奥沙西泮…,1
5984242,0,wy大三，28分专业选修课，卷麻了。。,4
